feature,mean_importance
feature_1,0.04018570886282261
feature_2,0.12744937502843487
feature_3,0.5971167046589657
feature_4,1.0013014216962
