feature,mean_importance
feature_1,0.06811188739455058
feature_2,0.09186684656649165
feature_3,0.4533974866954241
feature_4,0.5985709600835893
