feature,mean_importance
feature_2,0.12896607307605468
feature_1,0.16336101492762403
feature_4,0.5159900693130498
feature_3,0.6052779162171319
