feature,mean_importance
feature_2,0.14831002571094748
feature_1,0.16785459805270847
feature_3,0.4000960738580758
feature_4,0.6389745132538902
