feature,mean_importance
feature_1,0.03186272929745717
feature_2,0.07928258570976059
feature_3,0.32714036213015885
feature_4,0.6238678436610333
