feature,mean_importance
feature_1,0.021141654455814778
feature_2,0.02838708520721116
feature_4,0.39460968454372986
feature_3,0.4993226760777758
