feature,mean_importance
feature_1,0.011742836842515248
feature_2,0.05039789744145318
feature_3,0.28395846211385917
feature_4,0.36363337734962586
