feature,mean_importance
feature_1,0.07817611879677926
feature_2,0.10613706615931306
feature_3,0.4565143353462747
feature_4,0.495706392120543
