feature,mean_importance
feature_1,0.04488249752093478
feature_2,0.0461449918802226
feature_4,0.4820046895116599
feature_3,0.5071251827528747
