feature,mean_importance
feature_1,0.029835812970310127
feature_2,0.0382500807857678
feature_3,0.369041595076727
feature_4,0.429424987269452
