feature,mean_importance
feature_1,0.009080498457177778
feature_2,0.0640030080019103
feature_4,0.3582808008372667
feature_3,0.3799605741143198
