feature,mean_importance
feature_2,0.019017820771851112
feature_1,0.03165757252502911
feature_4,0.45332546913298727
feature_3,0.5395078767670326
