feature,mean_importance
feature_1,0.0661284502903011
feature_2,0.10255650304073549
feature_4,0.40916374487830687
feature_3,0.5839327271923069
