feature,mean_importance
feature_1,0.04143332448830448
feature_2,0.055148396342867244
feature_3,0.5087347250912544
feature_4,0.5863777322464347
