feature,mean_importance
feature_1,-0.003359287121999477
feature_2,0.003405073295700439
feature_3,0.3470457125979053
feature_4,0.39523820533988446
