feature,mean_importance
feature_1,-0.020034073962383513
feature_2,0.011932040205557926
feature_4,0.17836085567932763
feature_3,1.2556677142230326
