feature,mean_importance
feature_1,-0.012935565791970128
feature_2,-0.00060556503545659
feature_4,0.2957931148187155
feature_3,1.0774868268887037
