feature,mean_importance
feature_1,-0.011561116972154967
feature_2,0.00817389062841084
feature_4,0.2605491602137445
feature_3,0.7410934564824323
