feature,mean_importance
feature_2,-0.0031722606323131173
feature_1,0.03185625641388965
feature_4,0.11780197358407751
feature_3,1.5937732942946208
