feature,mean_importance
feature_1,-0.00013560164604368153
feature_2,0.0008589129121633121
feature_4,0.06771474211666366
feature_3,0.8383767788031484
