feature,mean_importance
feature_1,0.012600938000425263
feature_2,0.023076700718652282
feature_4,0.18984469048743344
feature_3,1.1049425357598
