feature,mean_importance
feature_2,0.00291443773264925
feature_1,0.036317104716502145
feature_4,0.16799717366666472
feature_3,1.4508407744410081
