feature,mean_importance
feature_2,-0.00017368283328014766
feature_1,0.03378627134952969
feature_4,0.09502462832284445
feature_3,1.3627681755918992
