feature,mean_importance
feature_1,0.02720811322301414
feature_2,0.10945314913892863
feature_4,0.17925830640224466
feature_3,1.0792113409979665
