feature,mean_importance
feature_1,0.0169329580186724
feature_2,0.043709853254315104
feature_4,0.32068974747164436
feature_3,2.1128509648629055
