feature,mean_importance
feature_1,0.0
feature_2,0.0
feature_4,0.16672789748639194
feature_3,1.2050255440084199
