feature,mean_importance
feature_2,1.1102230246251566e-17
feature_1,0.07226580683151668
feature_4,0.22713082000571383
feature_3,0.6215022125575705
