feature,mean_importance
feature_1,0.0
feature_2,0.0
feature_4,0.12480429205699192
feature_3,0.6507629394759635
