feature,mean_importance
feature_1,0.0
feature_2,0.0
feature_3,0.6801927242208188
feature_4,0.6972784712730812
