feature,mean_importance
feature_2,-5.551115123125783e-17
feature_1,0.07469599432084482
feature_4,0.4280599736588397
feature_3,0.5278563265832323
