feature,mean_importance
feature_1,0.0032090015148134783
feature_2,0.010115574227348486
feature_4,0.3053673815874511
feature_3,1.9013786243850859
