feature,mean_importance
feature_1,-0.04066747586078838
feature_2,0.023033425817716845
feature_4,0.22961445246142329
feature_3,1.7591918623274325
