feature,mean_importance
feature_1,0.011575908578582322
feature_2,0.014931771155553835
feature_4,0.08672899477186771
feature_3,1.8574194833015085
