feature,mean_importance
feature_2,-0.0047123739932265155
feature_1,0.0021308844585810395
feature_4,0.06674815385775885
feature_3,1.805325133549733
