feature,mean_importance
feature_2,-0.005432589194446502
feature_1,0.0
feature_4,0.2361014456393417
feature_3,0.8081889945897451
