feature,mean_importance
feature_1,-0.014084021725266405
feature_2,-0.0020425895300911546
feature_4,0.2223446623977506
feature_3,0.5779798435583882
