feature,mean_importance
feature_2,0.003950198319708398
feature_1,0.019780128060712387
feature_4,0.37101737805024604
feature_3,0.4672675556595812
