feature,mean_importance
feature_1,-0.0003607083209184403
feature_2,0.0
feature_4,0.22185566604972928
feature_3,1.4144331185133097
