feature,mean_importance
feature_1,0.0
feature_2,0.0
feature_3,5.1380905025638715
feature_4,15.490131905764514
