feature,mean_importance
feature_2,-0.00938388448360745
feature_1,0.028163339803061994
feature_3,0.6821997033976356
feature_4,0.9471550947628478
