feature,mean_importance
feature_1,0.0
feature_2,0.0
feature_3,0.19281904882419093
feature_4,16.400334404478468
