feature,mean_importance
feature_1,0.0
feature_2,8.326672684688674e-18
feature_4,0.4519320276546985
feature_3,0.6540184590664558
