feature,mean_importance
feature_1,0.0
feature_2,0.0
feature_4,0.5330628361799026
feature_3,0.5679491575983733
