feature,mean_importance
feature_1,-2.7755575615628915e-18
feature_2,0.0
feature_4,0.8680285751287409
feature_3,3.828024079097669
