feature,mean_importance
feature_1,5.551115123125783e-17
feature_2,5.551115123125783e-17
feature_3,0.26603177629577124
feature_4,0.49337090337171075
