feature,mean_importance
feature_1,-0.007568713853441833
feature_2,-0.002659921965604761
feature_4,0.3526349897730928
feature_3,0.5259220876614249
