feature,mean_importance
feature_1,-0.011898152008747076
feature_2,0.004848087860155459
feature_4,0.27104610605261154
feature_3,0.8178237215063149
