feature,mean_importance
feature_1,-0.012313064706412528
feature_2,0.010277980009398769
feature_4,0.3069740896579022
feature_3,0.5898945320693327
