feature,mean_importance
feature_2,0.025683468440738856
feature_1,0.035647751320275714
feature_4,0.3910699642238005
feature_3,0.8576826085711972
