feature,mean_importance
feature_1,0.01067285928059573
feature_2,0.06144247562526549
feature_4,0.24214186950399208
feature_3,0.6311240285327855
