feature,mean_importance
feature_1,-0.0034330136708483395
feature_2,0.028560028472720732
feature_4,0.16245197705711936
feature_3,1.1797265862245578
