feature,mean_importance
feature_1,0.014636109698736827
feature_2,0.0392254280174976
feature_4,1.027241747455995
feature_3,4.118144899253072
