feature,mean_importance
feature_1,0.08195157938621278
feature_3,0.12198956310022993
feature_4,0.26232992049834053
feature_2,0.7268906862663297
