feature,mean_importance
feature_1,-0.05788236386169484
feature_3,0.11046396587154043
feature_2,0.2936286670297366
feature_4,0.33311796504250474
