feature,mean_importance
feature_1,0.10226682412976462
feature_2,0.1474967629585182
feature_3,0.4192467576210124
feature_4,0.6810005680215468
