feature,mean_importance
feature_1,0.08369037019365899
feature_3,0.09228425371707036
feature_4,0.2815537804721873
feature_2,0.3280190557563058
