feature,mean_importance
feature_1,-0.024878788002109343
feature_3,0.10801690831895742
feature_2,0.18396476326000905
feature_4,0.28282850625992
