feature,mean_importance
feature_1,0.07464666062535033
feature_2,0.08323430089954251
feature_3,0.3576819225778022
feature_4,0.5808377072253189
