feature,mean_importance
feature_2,0.029636310003647352
feature_1,0.036973668451279335
feature_3,0.4343617857025913
feature_4,0.4751548270259719
