feature,mean_importance
feature_1,0.011362633343731476
feature_2,0.03945452249006938
feature_3,0.2588245745337675
feature_4,0.3788475107551995
