feature,mean_importance
feature_1,-0.019489611652530457
feature_2,0.027122882111461234
feature_3,0.2244729804553204
feature_4,0.5098064794073691
