feature,mean_importance
feature_1,0.02285444540811638
feature_2,0.054471555179346584
feature_3,0.3936897923274504
feature_4,0.526959217601193
