feature,mean_importance
feature_1,0.01786655799868988
feature_2,0.14873196041394804
feature_3,0.2533858516521707
feature_4,0.3523613017739195
