feature,mean_importance
feature_1,-0.0005349998618437906
feature_2,0.747632937097108
feature_3,1.1732384676779382
feature_4,1.8408274018842317
