feature,mean_importance
feature_1,-0.027498225487119148
feature_2,0.5292860949750728
feature_3,1.3050013911354528
feature_4,1.8541351996884672
