feature,mean_importance
feature_1,-0.018275067342380692
feature_2,0.16643078786864246
feature_4,0.28249133196174137
feature_3,0.3031414370870522
