feature,mean_importance
feature_1,-0.1895328185122024
feature_2,1.9148182753459597
feature_3,3.4453296352096983
feature_4,3.59457077314894
