feature,mean_importance
feature_1,-0.02224964578066784
feature_2,0.022670077868450093
feature_4,0.24386050252443905
feature_3,1.7737215782481883
