feature,mean_importance
feature_2,-0.0055921262260620885
feature_1,0.0
feature_4,0.23324381470627298
feature_3,0.8062434228836338
