feature,mean_importance
feature_1,0.0025910307187619053
feature_2,0.010022591677851028
feature_4,0.3030215762895684
feature_3,1.885478190300495
