feature,mean_importance
feature_1,0.012633366690243415
feature_2,0.12873910609762346
feature_3,0.28193181619420227
feature_4,0.5263907487521753
