feature,mean_importance
feature_1,0.04180815757923647
feature_2,0.16346955710064695
feature_3,0.163544506823099
feature_4,0.6947728263979668
