feature,mean_importance
feature_1,0.022312701998474644
feature_3,0.23520579998858104
feature_2,0.2506712238628227
feature_4,0.4222213756621726
