feature,mean_importance
feature_1,0.16732811250807691
feature_2,0.2760467278404236
feature_3,0.347458939149712
feature_4,0.6910474826056268
