feature,mean_importance
feature_1,-0.016149856714536705
feature_2,0.1664822313333928
feature_3,0.1765356558680829
feature_4,0.5504677310917938
