feature,mean_importance
feature_1,-0.0003846549702990573
feature_2,0.0
feature_4,0.21354332349681154
feature_3,1.4250983734827751
