feature,mean_importance
feature_1,-0.011197760083998653
feature_2,0.001134535010057469
feature_4,0.23989171472784127
feature_3,0.45627219238760075
