feature,mean_importance
feature_2,0.004371372546930152
feature_1,0.026903177560431944
feature_4,0.35679633762127383
feature_3,0.4499205659888917
