feature,mean_importance
feature_2,-9.546835911906082e-05
feature_1,0.06106493605123866
feature_4,0.4863702764686069
feature_3,0.5703158588776673
