feature,mean_importance
feature_2,0.00032069246979936626
feature_1,0.035010790213122686
feature_4,0.09891217725639175
feature_3,1.3659052972431733
