feature,mean_importance
feature_2,0.0015059844124794026
feature_1,0.04725802213730497
feature_4,0.17345998975865345
feature_3,1.445454206991845
