feature,mean_importance
feature_2,-0.004403404270428002
feature_1,0.031324377929672
feature_4,0.1189231034906721
feature_3,1.5894895386979375
