feature,mean_importance
feature_1,0.007925962094050503
feature_2,0.021681154770834137
feature_4,0.19224948533361752
feature_3,1.148715732693438
