feature,mean_importance
feature_1,-0.001407371099035859
feature_2,-0.0004511311582097166
feature_4,0.06416243516445151
feature_3,0.8320540120582397
