feature,mean_importance
feature_1,0.0012137182856412688
feature_2,0.007154537659771138
feature_4,0.2571825807630468
feature_3,0.8355496874996928
