feature,mean_importance
feature_2,0.0020778231279557024
feature_1,0.035105908271725675
feature_4,0.21325729191618797
feature_3,0.8437054487102331
