feature,mean_importance
feature_2,0.010956549830328455
feature_1,0.03161337030120627
feature_4,0.09356826761429056
feature_3,1.0989917338123847
