feature,mean_importance
feature_2,0.016292679116681297
feature_1,0.021398194129328075
feature_4,0.06454009420004067
feature_3,0.9999459821974476
