feature,mean_importance
feature_1,0.0
feature_2,0.012569987522548277
feature_4,0.08597069542612487
feature_3,0.6716212129433283
