feature,mean_importance
feature_2,-0.0049369655352285435
feature_1,0.00226741950713808
feature_4,0.0700394785235051
feature_3,1.7196984354912448
