feature,mean_importance
feature_1,0.011001520395386082
feature_2,0.016149505408384245
feature_4,0.08410219251547511
feature_3,1.861133989682149
