feature,mean_importance
feature_2,0.04676123284076199
feature_1,0.06406738457404784
feature_3,0.49654905696027535
feature_4,0.7215798785319946
