feature,mean_importance
feature_2,0.035049751421579345
feature_1,0.05638563694736041
feature_3,0.6189553264572709
feature_4,0.8476093910646872
