feature,mean_importance
feature_1,0.17518852078920627
feature_2,0.2645383809946715
feature_3,0.31499034025975636
feature_4,0.7425513680359916
