feature,mean_importance
feature_1,-0.0011291448508847113
feature_2,0.07375766520688151
feature_3,0.2769788455407422
feature_4,0.8216235615797842
