feature,mean_importance
feature_1,0.015907535401449492
feature_2,0.1671687811260813
feature_3,0.25939545878495285
feature_4,0.6298276401576745
