feature,mean_importance
feature_2,0.0024856033087436225
feature_1,0.010778871052956218
feature_4,0.27143408552240705
feature_3,0.7548715382561351
