feature,mean_importance
feature_1,0.0009651888349301917
feature_2,0.06849153019526125
feature_4,1.1180493630194126
feature_3,3.668989338004805
