feature,mean_importance
feature_1,0.0
feature_2,0.0
feature_3,0.4845160615787757
feature_4,0.5107223982720768
