feature,mean_importance
feature_1,-0.00019685847677823886
feature_2,1.1102230246251566e-17
feature_3,0.41802456128384724
feature_4,0.5722970754043357
