feature,mean_importance
feature_1,-0.0024325490666193385
feature_2,0.0
feature_3,0.37804939706380675
feature_4,0.5237611680660973
