feature,mean_importance
feature_1,0.0
feature_2,0.0
feature_3,0.44503591805350756
feature_4,0.4759610547499496
