feature,mean_importance
feature_1,-0.013550746514216705
feature_2,0.0
feature_3,0.41648512586397973
feature_4,0.504760018466874
