feature,mean_importance
feature_1,0.05953298187617438
feature_3,0.6518783961273802
feature_2,0.6693602742764247
feature_4,1.153502441361563
