feature,mean_importance
feature_1,0.024875807279311112
feature_2,0.06355130678145984
feature_3,0.08364517240283513
feature_4,0.1288052284820405
