feature,mean_importance
feature_1,-0.0022298970495729597
feature_2,0.42036964761473616
feature_3,0.48498455397426204
feature_4,0.8302687853853863
