feature,mean_importance
feature_1,0.10916763043119915
feature_3,0.38715195729533985
feature_2,0.4863346466853319
feature_4,0.8939157579655668
