feature,mean_importance
feature_2,0.10407494900946279
feature_3,0.11237193104706197
feature_1,0.12230951517281477
feature_4,0.14425454841658025
