feature,mean_importance
feature_1,0.011255296131219329
feature_2,0.04601135984770153
feature_4,0.570363401960601
feature_3,0.5795787448751272
