feature,mean_importance
feature_1,0.007707727217796945
feature_2,0.0317559083594621
feature_4,0.34160807605229065
feature_3,0.47296008793525574
