feature,mean_importance
feature_1,-0.0009090779194886184
feature_2,0.012898885060446005
feature_3,0.288374407593989
feature_4,0.39313197830435664
