feature,mean_importance
feature_2,-0.01037399571892167
feature_1,0.006355102045340666
feature_3,0.2601146325035546
feature_4,0.36369923667146203
