feature,mean_importance
feature_1,0.007580116598480268
feature_2,0.014563530213420101
feature_4,0.35765162348675866
feature_3,0.5822563644906653
