feature,mean_importance
feature_1,-0.03985805513329073
feature_2,0.0156833928597155
feature_4,0.17466655135019832
feature_3,1.1600767431508026
