feature,mean_importance
feature_1,0.015019601394894161
feature_2,0.034326463966877795
feature_4,0.117489797219074
feature_3,0.74644594722276
