feature,mean_importance
feature_1,0.03891464258504836
feature_2,0.07536560833214927
feature_4,0.15619649971417254
feature_3,2.006047352540022
