feature,mean_importance
feature_2,-0.0023325745148271904
feature_1,0.03499788777070214
feature_4,0.12326800268707894
feature_3,1.482780844002121
