feature,mean_importance
feature_2,0.010918038339601527
feature_1,0.014223296898586807
feature_4,0.23105303013318784
feature_3,1.0732320630695855
