feature,mean_importance
feature_1,-0.00317241535089926
feature_2,0.001227562510845992
feature_4,0.08009306311928344
feature_3,0.779511877874579
