feature,mean_importance
feature_2,0.0028539568288151714
feature_1,0.004930687540899139
feature_4,0.22389075294769517
feature_3,1.1813143429429172
