feature,mean_importance
feature_2,0.0008139797289589079
feature_1,0.04180199654426002
feature_4,0.10633434453119331
feature_3,1.2797072080379817
