feature,mean_importance
feature_1,0.006030037411422845
feature_2,0.028987805018866396
feature_4,0.21299827054857173
feature_3,0.6802667084643644
