feature,mean_importance
feature_1,-0.015937872601308457
feature_2,0.029383488323647945
feature_4,0.244882191046326
feature_3,0.6736017517975341
