feature,mean_importance
feature_2,-0.0005333280595316237
feature_1,0.006068268161997181
feature_4,0.2929155193049394
feature_3,1.0226085429690956
