feature,mean_importance
feature_1,0.014373835669617308
feature_2,0.0466095643418573
feature_4,0.104925624321655
feature_3,0.7854374376402736
