feature,mean_importance
feature_1,0.0051081064389922
feature_2,0.02020591756257891
feature_4,0.16293592388916128
feature_3,0.7576153876253497
