feature,mean_importance
feature_1,-0.005795636560090333
feature_2,0.019572029038569073
feature_4,0.19617386823542632
feature_3,0.9593357602090782
