feature,mean_importance
feature_1,0.02024419843786001
feature_2,0.046172084973495536
feature_4,0.27508353108222633
feature_3,0.5843080317967164
