feature,mean_importance
feature_1,-0.010794266422579041
feature_2,0.022136756709494897
feature_4,0.24548559238509515
feature_3,0.6555455893212796
