feature,mean_importance
feature_1,0.023538768931754304
feature_2,0.05648290344810565
feature_3,0.42718919853125953
feature_4,0.6911770835702329
