feature,mean_importance
feature_1,0.03557195977358624
feature_2,0.06758952682192955
feature_3,0.437298679240169
feature_4,0.6426955469140282
