feature,mean_importance
feature_1,-0.004666225941334134
feature_2,0.013164565686339058
feature_3,0.18297659458969873
feature_4,0.5386215254261202
