feature,mean_importance
feature_1,0.005063176870271377
feature_2,0.034637253170995766
feature_3,0.16425683189693757
feature_4,0.5718750421374023
