feature,mean_importance
feature_2,0.0029747047830338156
feature_1,0.024356305445932362
feature_4,0.4666418300050821
feature_3,0.4898543920590761
