feature,mean_importance
feature_2,0.0057777090243253445
feature_1,0.019314984257731368
feature_4,0.2182168244965023
feature_3,1.093458253941812
