feature,mean_importance
feature_2,0.0021064283244416173
feature_1,0.005339057790249504
feature_4,0.199217616168828
feature_3,1.2059561192196457
