feature,mean_importance
feature_2,0.0012686789164062184
feature_1,0.041087328270793595
feature_4,0.10710018703644912
feature_3,1.2861291187061372
