feature,mean_importance
feature_2,-0.00017684333551700737
feature_1,0.005416433233042717
feature_4,0.04393745253071565
feature_3,0.8725860337514648
