feature,mean_importance
feature_2,-0.000747872581922604
feature_1,0.014770958022818803
feature_4,0.14123313795541084
feature_3,1.4592347238007393
