feature,mean_importance
feature_1,0.03246877588344475
feature_2,0.13215606127567484
feature_4,0.18255441193084088
feature_3,0.2556646069544143
