feature,mean_importance
feature_1,0.1461792400099365
feature_2,0.27101626956573444
feature_4,0.4489903449676091
feature_3,0.686885056119071
