feature,mean_importance
feature_1,0.0571229864851807
feature_4,0.13828535403951703
feature_2,0.17084400008225575
feature_3,0.171563529281701
