feature,mean_importance
feature_2,0.08544943736093225
feature_1,0.11192852051130045
feature_4,0.4726129021651137
feature_3,0.7771959126890854
