feature,mean_importance
feature_2,0.10390834293103941
feature_1,0.15530062608665116
feature_4,0.19823941103387863
feature_3,0.2762240901120597
