feature,mean_importance
feature_2,-1.1102230246251566e-17
feature_1,0.0
feature_3,0.30149361549775094
feature_4,0.4211463098624388
