feature,mean_importance
feature_2,-5.551115123125783e-18
feature_1,0.0
feature_4,0.43701491382489754
feature_3,0.46099213875766526
