feature,mean_importance
feature_1,0.0
feature_2,0.0
feature_4,0.3332910863312898
feature_3,0.8558117773466829
