feature,mean_importance
feature_1,0.0
feature_2,0.0
feature_4,0.3301424872058446
feature_3,0.7748172700755758
