{
    "uid": "85c76458-162b-4570-8463-af89427f8759",
    "name": "26_NeuralNetwork",
    "preprocessing": [
        {
            "scale": [
                {
                    "scale": [
                        0.7892259525425319,
                        0.4367652560459553,
                        1.737881840037048,
                        0.7470594844213471
                    ],
                    "mean": [
                        5.79375,
                        3.0666666666666664,
                        3.7364583333333337,
                        1.1885416666666666
                    ],
                    "var": [
                        0.6228776041666668,
                        0.19076388888888887,
                        3.0202332899305553,
                        0.5580978732638888
                    ],
                    "n_samples_seen": 96,
                    "n_features_in": 4,
                    "columns": [
                        "feature_1",
                        "feature_2",
                        "feature_3",
                        "feature_4"
                    ],
                    "scale_method": "scale_normal"
                }
            ],
            "categorical_y": {
                "0": 0,
                "1": 1,
                "2": 2
            },
            "ml_task": "multiclass_classification",
            "params": {
                "columns_preprocessing": {
                    "feature_1": [
                        "scale_normal"
                    ],
                    "feature_2": [
                        "scale_normal"
                    ],
                    "feature_3": [
                        "scale_normal"
                    ],
                    "feature_4": [
                        "scale_normal"
                    ]
                },
                "target_preprocessing": [
                    "na_exclude",
                    "categorical_to_int"
                ],
                "ml_task": "multiclass_classification"
            }
        },
        {
            "scale": [
                {
                    "scale": [
                        0.8659796706219814,
                        0.4411897975928274,
                        1.758697385298436,
                        0.7482959518781471
                    ],
                    "mean": [
                        5.813541666666666,
                        3.03125,
                        3.727083333333333,
                        1.1760416666666667
                    ],
                    "var": [
                        0.7499207899305556,
                        0.19464843750000002,
                        3.0930164930555555,
                        0.5599468315972222
                    ],
                    "n_samples_seen": 96,
                    "n_features_in": 4,
                    "columns": [
                        "feature_1",
                        "feature_2",
                        "feature_3",
                        "feature_4"
                    ],
                    "scale_method": "scale_normal"
                }
            ],
            "categorical_y": {
                "0": 0,
                "1": 1,
                "2": 2
            },
            "ml_task": "multiclass_classification",
            "params": {
                "columns_preprocessing": {
                    "feature_1": [
                        "scale_normal"
                    ],
                    "feature_2": [
                        "scale_normal"
                    ],
                    "feature_3": [
                        "scale_normal"
                    ],
                    "feature_4": [
                        "scale_normal"
                    ]
                },
                "target_preprocessing": [
                    "na_exclude",
                    "categorical_to_int"
                ],
                "ml_task": "multiclass_classification"
            }
        },
        {
            "scale": [
                {
                    "scale": [
                        0.8236705407638555,
                        0.46608850904510496,
                        1.7572367112529264,
                        0.7489547113959709
                    ],
                    "mean": [
                        5.839583333333333,
                        3.0760416666666663,
                        3.734375,
                        1.1770833333333333
                    ],
                    "var": [
                        0.6784331597222222,
                        0.21723849826388889,
                        3.0878808593750002,
                        0.5609331597222221
                    ],
                    "n_samples_seen": 96,
                    "n_features_in": 4,
                    "columns": [
                        "feature_1",
                        "feature_2",
                        "feature_3",
                        "feature_4"
                    ],
                    "scale_method": "scale_normal"
                }
            ],
            "categorical_y": {
                "0": 0,
                "1": 1,
                "2": 2
            },
            "ml_task": "multiclass_classification",
            "params": {
                "columns_preprocessing": {
                    "feature_1": [
                        "scale_normal"
                    ],
                    "feature_2": [
                        "scale_normal"
                    ],
                    "feature_3": [
                        "scale_normal"
                    ],
                    "feature_4": [
                        "scale_normal"
                    ]
                },
                "target_preprocessing": [
                    "na_exclude",
                    "categorical_to_int"
                ],
                "ml_task": "multiclass_classification"
            }
        },
        {
            "scale": [
                {
                    "scale": [
                        0.7699657279530189,
                        0.44876373392787533,
                        1.714115911884316,
                        0.7565333204364204
                    ],
                    "mean": [
                        5.783333333333334,
                        3.0833333333333335,
                        3.6843750000000006,
                        1.1927083333333335
                    ],
                    "var": [
                        0.5928472222222223,
                        0.20138888888888887,
                        2.9381933593749996,
                        0.5723426649305555
                    ],
                    "n_samples_seen": 96,
                    "n_features_in": 4,
                    "columns": [
                        "feature_1",
                        "feature_2",
                        "feature_3",
                        "feature_4"
                    ],
                    "scale_method": "scale_normal"
                }
            ],
            "categorical_y": {
                "0": 0,
                "1": 1,
                "2": 2
            },
            "ml_task": "multiclass_classification",
            "params": {
                "columns_preprocessing": {
                    "feature_1": [
                        "scale_normal"
                    ],
                    "feature_2": [
                        "scale_normal"
                    ],
                    "feature_3": [
                        "scale_normal"
                    ],
                    "feature_4": [
                        "scale_normal"
                    ]
                },
                "target_preprocessing": [
                    "na_exclude",
                    "categorical_to_int"
                ],