feature,mean_importance
feature_1,0.07629178531045638
feature_3,0.08051978978286059
feature_2,0.2631031335836885
feature_4,0.27057330266147606
