feature,mean_importance
feature_1,0.05008104710586225
feature_3,0.08849728164597692
feature_2,0.13839458148309589
feature_4,0.22400452018966127
