feature,mean_importance
feature_3,0.04676942622000506
feature_1,0.12573429852707313
feature_4,0.15757047422174753
feature_2,0.4327757498123919
