feature,mean_importance
feature_1,-0.0240200807075712
feature_3,0.5139970687816611
feature_2,0.6228483407635228
feature_4,1.33404805507012
