feature,mean_importance
feature_1,-0.01666961095257937
feature_2,0.5701278645636538
feature_3,1.3708565603164284
feature_4,1.9535476098940587
