feature,mean_importance
feature_1,0.011100653396491623
feature_3,0.057779703759984535
feature_2,0.11330519894281384
feature_4,0.1461611539887396
