feature,mean_importance
feature_3,0.07626410789241311
feature_2,0.08163816656617753
feature_1,0.0891173400408967
feature_4,0.17603910820554575
