feature,mean_importance
feature_1,0.06976498965263303
feature_2,0.08460260729418731
feature_3,0.08539397439728964
feature_4,0.12673527208125487
