feature,mean_importance
feature_3,0.05873851126068508
feature_1,0.12517078183657449
feature_4,0.16983914169226427
feature_2,0.21500703513464986
