feature,mean_importance
feature_2,0.05931688042693108
feature_1,0.05958851617404763
feature_3,0.09139980509466203
feature_4,0.14497571155892836
