feature,mean_importance
feature_1,0.05301518911084996
feature_2,0.07212802437727904
feature_3,0.40714667321688375
feature_4,0.4772026039531023
