feature,mean_importance
feature_1,0.01806341133000733
feature_2,0.0562565636694328
feature_4,0.46129864966432577
feature_3,0.5937737623576079
