feature,mean_importance
feature_2,0.02433091438475657
feature_1,0.04534932946147779
feature_4,0.2655892608212762
feature_3,0.6768062387589304
