feature,mean_importance
feature_1,0.007843007789904561
feature_2,0.07222565929693399
feature_4,0.3182197842121919
feature_3,0.3524691175097906
