feature,mean_importance
feature_2,0.00879050466606065
feature_1,0.008850981234804923
feature_3,0.359003192121656
feature_4,0.39862185111885323
