feature,mean_importance
feature_1,-0.05953008998675632
feature_3,0.28843194987179177
feature_4,0.4551846666368509
feature_2,0.5062309141922853
