feature,mean_importance
feature_1,-0.01047498191958401
feature_2,0.4716064615264379
feature_3,0.5041438121226112
feature_4,0.9459996008220803
