feature,mean_importance
feature_1,-0.0017888395611694058
feature_2,0.3733923805068325
feature_3,0.6514344583149316
feature_4,0.8426993795843577
