feature,mean_importance
feature_1,0.18447295674493902
feature_3,0.5646295348827132
feature_2,0.5677181580033357
feature_4,0.7550865586582448
