feature,mean_importance
feature_1,0.043970840002269945
feature_3,0.25766540873908655
feature_2,0.28118591359507145
feature_4,0.6446815834498025
