feature,mean_importance
feature_2,0.0
feature_1,0.028828652018419408
feature_4,0.20419355398894834
feature_3,0.26235984558442504
