feature,mean_importance
feature_1,0.0
feature_2,0.0
feature_4,0.1817872971252099
feature_3,0.49628476245067715
