feature,mean_importance
feature_1,0.0
feature_2,0.0
feature_4,0.1820245899893156
feature_3,0.4952675865709869
