feature,mean_importance
feature_2,0.022481166245976607
feature_1,0.046235832898050847
feature_4,0.3427845307252517
feature_3,0.5439812297063471
