feature,mean_importance
feature_2,0.05390494490915761
feature_1,0.07711938360980349
feature_4,0.45120634016918426
feature_3,0.4615748623379254
