feature,mean_importance
feature_1,0.0052069956923390115
feature_2,0.0072359319302328085
feature_4,0.29657616847135637
feature_3,0.4998255573151318
