feature,mean_importance
feature_1,0.033309525041061806
feature_2,0.04090855418463444
feature_3,0.30449759272409754
feature_4,0.39898312238632044
