feature,mean_importance
feature_1,0.027183138206190293
feature_2,0.03739701458581327
feature_4,0.4314231483707721
feature_3,0.44366819403544133
